case,current_density_A_cm2,target_voltage_V,model_voltage_V,residual_V
tensao_298K,0.0104803493449781,0.9780918727915195,0.9737477420735107,-0.004344130718008876
tensao_298K,0.0203755458515283,0.9684381625441696,0.9566777940545425,-0.011760368489627138
tensao_298K,0.0302707423580786,0.95513074204947,0.9455252447055209,-0.00960549734394911
tensao_298K,0.0401659388646288,0.9427703180212016,0.9368551839132317,-0.005915134107969844
tensao_298K,0.050061135371179,0.9301625441696112,0.9295576776428872,-0.0006048665267239794
tensao_298K,0.0599563318777292,0.921095406360424,0.9231314004933817,0.0020359941329577413
tensao_298K,0.0698515283842794,0.9152084805653712,0.9173066768515917,0.002098196286220544
tensao_298K,0.0797467248908297,0.910844522968198,0.9119215884779904,0.0010770655097924742
tensao_298K,0.0896419213973799,0.9055547703180212,0.9068712188932648,0.0013164485752436006
tensao_298K,0.0995371179039301,0.9007173144876326,0.902083655551661,0.0013663410640284424
tensao_298K,0.1094323144104803,0.8959010600706714,0.8975074255287385,0.0016063654580671383
tensao_298K,0.1193275109170305,0.8916501766784453,0.8931043928758297,0.0014542161973843948
tensao_298K,0.1292227074235807,0.8876466431095407,0.8888454951169584,0.001198852007417761
tensao_298K,0.139117903930131,0.8836431095406361,0.8847080572371806,0.001064947696544527
tensao_298K,0.1490131004366812,0.8796395759717315,0.8806740307329165,0.0010344547611850219
tensao_298K,0.1589082969432314,0.8756360424028269,0.8767287999017526,0.0010927574989256783
tensao_298K,0.1688034934497816,0.8716325088339223,0.8728603492913304,0.0012278404574080914
tensao_298K,0.1786986899563318,0.8676289752650177,0.8690586686091883,0.001429693344170646
tensao_298K,0.188593886462882,0.8636254416961131,0.8653153181647832,0.0016898764686701373
tensao_298K,0.1984890829694323,0.8596219081272085,0.8616231055064376,0.0020011973792291027
tensao_298K,0.2083842794759825,0.8561837455830389,0.8579758407468008,0.0017920951637618865
tensao_298K,0.2182794759825327,0.8519434628975265,0.854368148643164,0.002424685745637478
tensao_298K,0.2281746724890829,0.8486713780918728,0.8507953223155239,0.002123944223651142
tensao_298K,0.2380698689956331,0.845583038869258,0.8472532079833065,0.001670169114048492
tensao_298K,0.2479650655021834,0.8417243816254418,0.8437381131322695,0.0020137315068277095
tensao_298K,0.2578602620087336,0.8387809187279153,0.8402467326038131,0.0014658138758978367
tensao_298K,0.2677554585152838,0.834982332155477,0.8367760885520998,0.0017937563966228254
tensao_298K,0.277650655021834,0.8318339222614841,0.8333234812452426,0.0014895589837584655
tensao_298K,0.2875458515283843,0.8288904593639577,0.8298864484285787,0.0009959890646210612
tensao_298K,0.2974410480349345,0.8254416961130743,0.8264627315088638,0.0010210353957895713
tensao_298K,0.3073362445414847,0.8219434628975265,0.8230502472173225,0.0011067843197959393
tensao_298K,0.3172314410480349,0.8190000000000001,0.8196470637073293,0.000647063707329254
tensao_298K,0.3271266375545851,0.8149964664310955,0.8162513802670944,0.0012549138359989609
tensao_298K,0.3370218340611354,0.8120530035335689,0.8128615099987402,0.000808506465171277
tensao_298K,0.3469170305676856,0.8084805653710248,0.809475864946557,0.000995299575532238
tensao_298K,0.3568122270742358,0.8051060070671379,0.806092943259031,0.0009869361918931618
tensao_298K,0.366707423580786,0.8021625441696113,0.8027113180487644,0.0005487738791530861
tensao_298K,0.3766026200873362,0.7992190812720849,0.7993296276769681,0.00011054640488328271
tensao_298K,0.3864978165938865,0.7952155477031803,0.7959465672387956,0.0007310195356153848
tensao_298K,0.3963930131004367,0.7922720848056538,0.792560881065316,0.0002887962596621607
tensao_298K,0.4062882096069869,0.788339222614841,0.7891713560896814,0.0008321334748403464
tensao_298K,0.4161834061135371,0.7853250883392227,0.7857768159506506,0.0004517276114279767
tensao_298K,0.4260786026200873,0.7819787985865725,0.7823761157274446,0.0003973171408720999
tensao_298K,0.4359737991266376,0.7783780918727915,0.7789681372168854,0.0005900453440939035
tensao_298K,0.4458689956331877,0.775434628975265,0.7755517846776925,0.00011715570242742945
tensao_298K,0.455764192139738,0.7714840989399293,0.7721259809782963,0.0006418820383670143
tensao_298K,0.4656593886462882,0.768487632508834,0.7686896640940268,0.00020203158519283004
tensao_298K,0.4755545851528384,0.7650176678445231,0.7652417839074349,0.00022411606291183883
tensao_298K,0.4854497816593886,0.7615406360424027,0.7617812992721081,0.00024066322970539566
tensao_298K,0.4953449781659388,0.7585971731448764,0.7583071753058661,-0.00028999783901029197
tensao_298K,0.5052401746724892,0.7545936395759717,0.7548183808838749,0.0002247413079031757
tensao_298K,0.5151353711790394,0.7516501766784452,0.7513138863061479,-0.00033629037229732095
tensao_298K,0.5250305676855895,0.7480565371024736,0.7477926611172298,-0.00026387598524379996
tensao_298K,0.5349257641921398,0.7447031802120141,0.7442536720586799,-0.00044950815333422156
tensao_298K,0.54482096069869,0.7406996466431095,0.7406958811373962,-3.7655057133489933e-06
tensao_298K,0.5547161572052403,0.7374558303886927,0.7371182437948665,-0.00033758659382621126
tensao_298K,0.5646113537117905,0.7337526501766785,0.7335197071642123,-0.0002329430124661247
tensao_298K,0.5745065502183406,0.7305229681978799,0.7298992084034021,-0.0006237597944778184
tensao_298K,0.5844017467248909,0.7268056537102473,0.7262556730943249,-0.0005499806159223741
tensao_298K,0.5942969432314411,0.7229893992932862,0.7225880136985389,-0.0004013855947473388
tensao_298K,0.6041921397379914,0.7198586572438163,0.7188951280614956,-0.0009635291823206771
tensao_298K,0.6140873362445416,0.7158551236749117,0.7151758979578817,-0.0006792257170299409
tensao_298K,0.6239825327510917,0.711851590106007,0.7114291876714629,-0.0004224024345440558
tensao_298K,0.633877729257642,0.7078480565371024,0.7076538426034501,-0.00019421393365226525
tensao_298K,0.6437729257641922,0.704155477031802,0.7038486879039758,-0.0003067891278262236
tensao_298K,0.6536681222707424,0.7003886925795053,0.7000125271217472,-0.00037616545775809307
tensao_298K,0.6635633187772927,0.6968975265017668,0.6961441408673769,-0.0007533856343899803
tensao_298K,0.6734585152838428,0.6928939929328621,0.6922422854862584,-0.0006517074466036998
tensao_298K,0.6833537117903931,0.6897526501766784,0.6883056917371884,-0.0014469584394900536
tensao_298K,0.6932489082969433,0.6855123674911661,0.6843330634732123,-0.0011793040179537417
tensao_298K,0.7031441048034935,0.6808833922261484,0.6803230763214339,-0.0005603159047145034
tensao_298K,0.7130393013100438,0.6768798586572438,0.676274376358734,-0.000605482298509763
tensao_298K,0.7229344978165939,0.6729611307420494,0.6721855787805486,-0.0007755519615008089
tensao_298K,0.7328296943231442,0.6688727915194347,0.6680552665600139,-0.000817524959420779
tensao_298K,0.7427248908296944,0.66486925795053,0.663881989094939,-0.0009872688555909725
tensao_298K,0.7526200873362446,0.6608657243816254,0.6596642608401895,-0.0012014635414359098
tensao_298K,0.7625152838427949,0.6558021201413426,0.6554005599231806,-0.000401560218162067
tensao_298K,0.772410480349345,0.6517985865724383,0.6510893267402679,-0.0007092598321704058
tensao_298K,0.7823056768558952,0.6477950530035335,0.6467289625319133,-0.0010660904716202069
tensao_298K,0.7922008733624455,0.643791519434629,0.6423178279345667,-0.0014736915000622686
tensao_298K,0.8020960698689957,0.6387279151943462,0.6378542415072695,-0.0008736736870766926
tensao_298K,0.811991266375546,0.6347243816254416,0.6333364782310326,-0.0013879033944090846
tensao_298K,0.8218864628820961,0.629660777385159,0.6287627679790824,-0.0008980094060766497
tensao_298K,0.8317816593886463,0.6251660777385158,0.624131293956105,-0.001034783782410842
tensao_298K,0.8416768558951966,0.6205936395759717,0.6194401911046403,-0.0011534484713313642
tensao_298K,0.8515720524017468,0.6155300353356891,0.6146875444768002,-0.000842490858888878
tensao_298K,0.8614672489082971,0.6104664310954063,0.6098713875694962,-0.0005950435259101106
tensao_298K,0.8713624454148472,0.6058586572438163,0.6049897006213737,-0.0008689566224425738
tensao_298K,0.8812576419213974,0.600339222614841,0.6000404088696469,-0.0002988137451940265
tensao_298K,0.8911528384279477,0.5962049469964664,0.5950213807650309,-0.0011835662314355622
tensao_298K,0.901048034934498,0.5903180212014133,0.5899304261429598,-0.00038759505845353814
tensao_298K,0.9109432314410482,0.5844310954063603,0.5847652943492698,0.000334198942909536
tensao_298K,0.9208384279475984,0.5796042402826854,0.5795236723185077,-8.056796417776901e-05
tensao_298K,0.9307336244541484,0.5739611307420495,0.5742031826030146,0.0002420518609651534
tensao_298K,0.9406288209606988,0.5688904593639575,0.568801381350905,-8.907801305257923e-05
tensao_298K,0.950524017467249,0.5625441696113074,0.5633157562310452,0.0007715866197378629
tensao_298K,0.9604192139737991,0.5561837455830388,0.5577437243030956,0.0015599787200567539
tensao_298K,0.9703144104803494,0.5501696113074205,0.5520826298306636,0.001913018523243104
tensao_298K,0.9802096069868996,0.5442826855123674,0.5463297420355692,0.0020470565232018068
tensao_298K,0.99010480349345,0.5382791519434629,0.5404822527911932,0.0022031008477303438
tensao_298K,1.0,0.5325088339222614,0.5345372742528419,0.002028440330580472
tensao_373K,0.0104803493449781,1.0109540636042404,1.0154967520441889,0.004542688439948428
tensao_373K,0.0203755458515283,1.0010636042402827,0.9950665202363593,-0.005997084003923403
tensao_373K,0.0302707423580786,0.9879929328621908,0.9820426815311093,-0.005950251331081513
tensao_373K,0.0401659388646288,0.975272084805654,0.9721262836086908,-0.0031458011969631716
tensao_373K,0.050061135371179,0.9639717314487634,0.963928201227297,-4.353022146630359e-05
tensao_373K,0.0599563318777292,0.9551413427561838,0.9568210144437751,0.001679671687591311
tensao_373K,0.0698515283842794,0.94913074204947,0.9504672253177733,0.001336483268303268
tensao_373K,0.0797467248908297,0.9437067137809187,0.9446642002202896,0.0009574864393708804
tensao_373K,0.0896419213973799,0.938643109540636,0.9392806465960283,0.0006375370553922677
tensao_373K,0.0995371179039301,0.9335901060070672,0.9342265784670942,0.000636472460027071
tensao_373K,0.1094323144104803,0.9293286219081272,0.929437591566127,0.00010896965799989111
tensao_373K,0.1193275109170305,0.9250883392226148,0.9248659740255336,-0.00022236519708118685
tensao_373K,0.1292227074235807,0.9208480565371026,0.920475370399374,-0.00037268613772856174
tensao_373K,0.139117903930131,0.9166077738515902,0.916237419997006,-0.00037035385458417114
tensao_373K,0.1490131004366812,0.9126360424028268,0.9121295529796407,-0.0005064894231860961
tensao_373K,0.1589082969432314,0.90886925795053,0.908133496386604,-0.0007357615639259629
tensao_373K,0.1688034934497816,0.9051024734982333,0.9042342321711616,-0.0008682413270716394
tensao_373K,0.1786986899563318,0.9013356890459364,0.9004192524313658,-0.0009164366145706371
tensao_373K,0.188593886462882,0.8975265017667845,0.8966780155556409,-0.0008484862111436398
tensao_373K,0.1984890829694323,0.8932862190812721,0.8930015415350178,-0.000284677546254386
tensao_373K,0.2083842794759825,0.8895406360424029,0.8893821057585943,-0.0001585302838085223
tensao_373K,0.2182794759825327,0.8865971731448764,0.8858130038411353,-0.0007841693037411446
tensao_373K,0.2281746724890829,0.8825936395759718,0.8822883685629984,-0.000305271012973396
tensao_373K,0.2380698689956331,0.8787349823321555,0.8788030256320696,6.804329991405567e-05
tensao_373K,0.2479650655021834,0.8749681978798587,0.8753523787703466,0.00038418089048786186
tensao_373K,0.2578602620087336,0.8720848056537103,0.8719323172319344,-0.00015248842177584265
tensao_373K,0.2677554585152838,0.8695547703180212,0.8685391406779347,-0.0010156296400865017
tensao_373K,0.277650655021834,0.8657243816254417,0.8651694976238733,-0.0005548840015684453
tensao_373K,0.2875458515283843,0.8620212014134276,0.8618203346036702,-0.00020086680975739402
tensao_373K,0.2974410480349345,0.8593639575971732,0.8584888538710173,-0.0008751037261559569
tensao_373K,0.3073362445414847,0.8558657243816254,0.8551724779585134,-0.0006932464231120816
tensao_373K,0.3172314410480349,0.8528409893992934,0.851868819787683,-0.0009721696116103962
tensao_373K,0.3271266375545851,0.8489187279151944,0.8485756573040901,-0.00034307061110427917
tensao_373K,0.3370218340611354,0.845975265017668,0.845290911825799,-0.0006843531918689916
tensao_373K,0.3469170305676856,0.8419717314487634,0.8420126294578847,4.089800912132624e-05
tensao_373K,0.3568122270742358,0.8390282685512368,0.8387389650531146,-0.00028930349812217315
tensao_373K,0.366707423580786,0.8360424028268552,0.8354681682984522,-0.0005742345284029948
tensao_373K,0.3766026200873362,0.8320812720848058,0.8321985715853362,0.00011729950053041005
tensao_373K,0.3864978165938865,0.8291378091872792,0.8289285793837425,-0.0002092298035366591
tensao_373K,0.3963930131004367,0.8254416961130743,0.8256566588895274,0.00021496277645316475
tensao_373K,0.4062882096069869,0.8231802120141344,0.8223813317542727,-0.000798880259861634
tensao_373K,0.4161834061135371,0.8190812720848057,0.819101166738926,1.9894654120222732e-05
tensao_373K,0.4260786026200873,0.8156466431095407,0.8158147731585634,0.00016813004902271889
tensao_373K,0.4359737991266376,0.8123003533568904,0.8125207950068569,0.0002204416499664852
tensao_373K,0.4458689956331877,0.809356890459364,0.8092179056662527,-0.000138984793111252
tensao_373K,0.455764192139738,0.8063604240282687,0.805904803124239,-0.0004556209040297299
tensao_373K,0.4656593886462882,0.8024098939929329,0.8025802056279753,0.0001703116350423306
tensao_373K,0.4755545851528384,0.7994664310954064,0.799242847719442,-0.00022358337596439792
tensao_373K,0.4854497816593886,0.7957597173144877,0.7958914766015311,0.00013175928704345363
tensao_373K,0.4953449781659388,0.7925194346289753,0.7925248487924167,5.414163441352926e-06
tensao_373K,0.5052401746724892,0.789399293286219,0.7891417270313722,-0.0002575662548468527
tensao_373K,0.5151353711790394,0.7855724381625442,0.7857408774041102,0.00016843924156606516
tensao_373K,0.5250305676855895,0.7815689045936396,0.7823210666598959,0.0007521620662562789
tensao_373K,0.5349257641921398,0.778625441696113,0.7788810596962165,0.0002556180001034303
tensao_373K,0.54482096069869,0.7746219081272085,0.7754196171898139,0.0007977090626053451
tensao_373K,0.5547161572052403,0.771678445229682,0.771935493355463,0.0002570481257809787
tensao_373K,0.5646113537117905,0.7676749116607774,0.7684274338160957,0.0007525221553182915
tensao_373K,0.5745065502183406,0.7639575971731449,0.7648941735697675,0.0009365763966225904
tensao_373K,0.5844017467248909,0.7597173144876326,0.761334435040608,0.0016171205529754706
tensao_373K,0.5942969432314411,0.7575971731448764,0.7577469262023078,0.0001497530574313677
tensao_373K,0.6041921397379914,0.7533568904593639,0.7541303387639223,0.0007734483045583884
tensao_373K,0.6140873362445416,0.7491166077738516,0.7504833464088373,0.0013667386349857091
tensao_373K,0.6239825327510917,0.745773851590106,0.74680460307866,0.001030751488554027
tensao_373K,0.633877729257642,0.7417703180212014,0.7430927412946116,0.0013224232734101449
tensao_373K,0.6437729257641922,0.7385159010600708,0.7393463705096908,0.0008304694496199527
tensao_373K,0.6536681222707424,0.7342756183745583,0.7355640754854965,0.0012884571109381682
tensao_373K,0.6635633187772927,0.7300353356890459,0.7317444146881289,0.0017090789990830135
tensao_373K,0.6734585152838428,0.7268162544169611,0.7278859186980592,0.001069664281098115
tensao_373K,0.6833537117903931,0.7236749116607775,0.7239870886292672,0.0003121769684897302
tensao_373K,0.6932489082969433,0.7194346289752651,0.7200463945533079,0.0006117655780427667
tensao_373K,0.7031441048034935,0.7151943462897528,0.7160622739242779,0.0008679276345251452
tensao_373K,0.7130393013100438,0.7108021201413427,0.7120331300009368,0.0012310098595941232
tensao_373K,0.7229344978165939,0.7067985865724381,0.7079573302624712,0.0011587436900331038
tensao_373K,0.7328296943231442,0.7024734982332155,0.7038332048146091,0.001359706581393616
tensao_373K,0.7427248908296944,0.6982332155477032,0.6996590447829718,0.001425829235268572
tensao_373K,0.7526200873362446,0.6939929328621908,0.6954331006907155,0.001440167828524741
tensao_373K,0.7625152838427949,0.6897526501766784,0.6911535808176521,0.0014009306409736855
tensao_373K,0.772410480349345,0.6859293286219081,0.6868186495381621,0.0008893209162539328
tensao_373K,0.7823056768558952,0.6817173144876325,0.6824264256353197,0.0007091111476872358
tensao_373K,0.7922008733624455,0.6777137809187279,0.6779749805887378,0.00026119967000992617
tensao_373K,0.8020960698689957,0.6726501766784452,0.6734623368337158,0.0008121601552706359
tensao_373K,0.811991266375546,0.6685512367491167,0.6688864659893438,0.0003352292402271084
tensao_373K,0.8218864628820961,0.6628551236749117,0.6642452870532656,0.001390163378353848
tensao_373K,0.8317816593886463,0.6590883392226148,0.6595366645608504,0.00044832533823557785
tensao_373K,0.8416768558951966,0.6537102473498233,0.6547584067065525,0.0010481593567291947
tensao_373K,0.8515720524017468,0.6494522968197879,0.6499082634252777,0.0004559666054898548
tensao_373K,0.8614672489082971,0.6452296819787986,0.6449839244315774,-0.0002457575472212259
tensao_373K,0.8713624454148472,0.6397809187279152,0.6399830172145204,0.00020209848660524
tensao_373K,0.8812576419213974,0.6346289752650177,0.6349031049860882,0.0002741297210704374
tensao_373K,0.8911528384279477,0.6301272084805652,0.6297416845809456,-0.0003855238996196553
tensao_373K,0.901048034934498,0.6242402826855123,0.6244961843054303,0.0002559016199179531
tensao_373K,0.9109432314410482,0.6183533568904592,0.6191639617335987,0.0008106048431394397
tensao_373K,0.9208384279475984,0.6134275618374558,0.6137423014481443,0.0003147396106885081
tensao_373K,0.9307336244541484,0.6086996466431095,0.6082284127239972,-0.0004712339191123016
tensao_373K,0.9406288209606988,0.6017597173144876,0.6026194271523745,0.0008597098378868573
tensao_373K,0.950524017467249,0.5966961130742049,0.5969123962030388,0.0002162831288339273
tensao_373K,0.9604192139737991,0.5901060070671378,0.5911042887224796,0.0009982816553417706
tensao_373K,0.9703144104803494,0.5837455830388693,0.5851919883657047,0.001446405326835487
tensao_373K,0.9802096069868996,0.5783250883392227,0.5791722909592876,0.0008472026200648797
tensao_373K,0.99010480349345,0.5722014134275618,0.5730419017932711,0.0008404883657092688
tensao_373K,1.0,0.5667844522968198,0.5667974328394921,1.2980542672291762e-05
pressao_1atm,0.01,1.0025268817204305,1.009707778349291,0.007180896628860456
pressao_1atm,0.0199,0.9901252688172044,0.988634672047494,-0.0014905967697104172
pressao_1atm,0.0298,0.9766483870967744,0.9753912463132212,-0.0012571407835532122
pressao_1atm,0.0397,0.9642467741935484,0.9653637774698051,0.001117003276256634
pressao_1atm,0.0496,0.9542767025089606,0.957098476731082,0.002821774222121376
pressao_1atm,0.0595,0.946236559139785,0.9499461243652623,0.0037095652254772737
pressao_1atm,0.0693999999999999,0.9419354838709678,0.943559818730007,0.0016243348590392337
pressao_1atm,0.0793,0.9359250896057348,0.93773220417304,0.0018071145673052014
pressao_1atm,0.0891999999999999,0.9311827956989248,0.9323293567686731,0.0011465610697483086
pressao_1atm,0.0990999999999999,0.9263614695340504,0.9272597080815187,0.0008982385474682886
pressao_1atm,0.1089999999999999,0.9225806451612903,0.9224578450082725,-0.00012280015301779912
pressao_1atm,0.1188999999999999,0.9182795698924732,0.917875382140773,-0.00040418775170014687
pressao_1atm,0.1288,0.913978494623656,0.91347549716738,-0.000502997456276022
pressao_1atm,0.1387,0.9099745519713264,0.9092294955736216,-0.0007450563977047242
pressao_1atm,0.1486,0.9060078853046596,0.9051145624912538,-0.0008933228134058169
pressao_1atm,0.1585,0.9020412186379928,0.9011122410340173,-0.0009289776039754782
pressao_1atm,0.1684,0.8980745519713261,0.8972073723961655,-0.0008671795751605815
pressao_1atm,0.1783,0.8941078853046596,0.8933873391135584,-0.000720546191101179
pressao_1atm,0.1881999999999999,0.8903225806451613,0.8896415130124548,-0.000681067632706589
pressao_1atm,0.1981,0.8861745519713262,0.8859608447796438,-0.0002137071916824551
pressao_1atm,0.208,0.8822078853046595,0.8823375536536038,0.00012966834894423407
pressao_1atm,0.2178999999999999,0.8795698924731183,0.8787648892652961,-0.0008050032078222857
pressao_1atm,0.2278,0.8752688172043012,0.8752369463691737,-3.187083512745659e-05
pressao_1atm,0.2377,0.8727883512544803,0.87174851894753,-0.0010398323069502613
pressao_1atm,0.2476,0.8686544802867384,0.8682949840366597,-0.0003594962500786947
pressao_1atm,0.2574999999999999,0.8655958781362008,0.8648722082748046,-0.000723669861396159
pressao_1atm,0.2673999999999999,0.8623655913978495,0.8614764720221749,-0.0008891193756745963
pressao_1atm,0.2773,0.8587422939068101,0.8581044072149588,-0.0006378866918512749
pressao_1atm,0.2872,0.8559139784946237,0.854752946058393,-0.001161032436230669
pressao_1atm,0.2971,0.8516129032258065,0.8514192783511992,-0.00019362487460727884
pressao_1atm,0.307,0.8492275985663084,0.8481008157405437,-0.0011267828257646162
pressao_1atm,0.3168999999999999,0.8451612903225807,0.8447951615847347,-0.0003661287378460276
pressao_1atm,0.3268,0.8420351254480287,0.8415000853858193,-0.0005350400622093909
pressao_1atm,0.3367,0.8389765232974911,0.8382135009711157,-0.0007630223263753733
pressao_1atm,0.3465999999999999,0.8359179211469534,0.8349334477692567,-0.000984473377696693
pressao_1atm,0.3565,0.832258064516129,0.8316580746553475,-0.0005999898607815801
pressao_1atm,0.3663999999999999,0.8287254480286739,0.8283856259405318,-0.00033982208814209436
pressao_1atm,0.3762999999999999,0.8256668458781363,0.8251144291605038,-0.000552416717632509
pressao_1atm,0.3862,0.8215605734767025,0.8218428843802441,0.0002823109035415827
pressao_1atm,0.3960999999999999,0.8193548387096774,0.8185694547822959,-0.0007853839273814778
pressao_1atm,0.4059999999999999,0.8157777777777779,0.8152926583460484,-0.00048511943172957483
pressao_1atm,0.4159,0.8123571684587814,0.812011060457899,-0.0003461080008824169
pressao_1atm,0.4257999999999999,0.8086021505376344,0.8087232673184624,0.00012111678082804556
pressao_1atm,0.4357,0.8060283154121864,0.8054279200344608,-0.0006003953777256044
pressao_1atm,0.4456,0.8021505376344087,0.8021236893005249,-2.684833388377772e-05
pressao_1atm,0.4554999999999999,0.7990474910394266,0.7988092705906353,-0.00023822044879129312
pressao_1atm,0.4654,0.7956989247311829,0.7954833797909464,-0.0002155449402364562
pressao_1atm,0.4752999999999999,0.7923121863799284,0.7921447492157007,-0.00016743716422773502
pressao_1atm,0.4851999999999999,0.789247311827957,0.7887921239562843,-0.00045518787167275754
pressao_1atm,0.4951,0.7857378136200717,0.7854242585204481,-0.00031355509962360806
pressao_1atm,0.5049999999999999,0.782562724014337,0.7820399137245913,-0.0005228102897457676
pressao_1atm,0.5148999999999999,0.7785960573476703,0.7786378538069673,4.1796459296916666e-05
pressao_1atm,0.5247999999999999,0.7754867383512546,0.7752168437338641,-0.00026989461739046483
pressao_1atm,0.5347,0.7720430107526882,0.7717756466743828,-0.00026736407830540987
pressao_1atm,0.5446,0.767741935483871,0.7683130216224807,0.0005710861386096777
pressao_1atm,0.5545,0.7648799283154122,0.764827721147541,-5.220716787113222e-05
pressao_1atm,0.5644,0.7612903225806451,0.7613184892569668,2.8166676321661477e-05
pressao_1atm,0.5742999999999999,0.756989247311828,0.757784059356207,0.0007948120443789231
pressao_1atm,0.5841999999999999,0.7548387096774194,0.7542231522932761,-0.0006155573841433171
pressao_1atm,0.5941,0.7505376344086021,0.7506344744762544,9.684006765231512e-05
pressao_1atm,0.604,0.7471971326164875,0.7470167160534901,-0.0001804165629973875
pressao_1atm,0.6139,0.7432304659498208,0.7433685491472944,0.0001380831974736596
pressao_1atm,0.6237999999999999,0.7395243727598567,0.7396886261328517,0.00016425337299497134
pressao_1atm,0.6336999999999999,0.735483870967742,0.7359755779548766,0.0004917069871345214
pressao_1atm,0.6436,0.7313304659498208,0.7322280124752547,0.0008975465254339454
pressao_1atm,0.6535,0.7281980286738352,0.7284445128455211,0.0002464841716859345
pressao_1atm,0.6634,0.7240641577060932,0.7246236358985715,0.0005594781924782577
pressao_1atm,0.6732999999999999,0.7204301075268817,0.7207639105544662,0.0003338030275844561
pressao_1atm,0.6831999999999999,0.7161290322580646,0.716863836235608,0.0007348039775434412
pressao_1atm,0.6930999999999999,0.7118279569892474,0.7129218812869319,0.001093924297684512
pressao_1atm,0.703,0.7075304659498207,0.7089364813970594,0.0014060154472387287
pressao_1atm,0.7129,0.7035637992831543,0.7049060380166563,0.0013422387335020325
pressao_1atm,0.7227999999999999,0.700336200716846,0.700828916770466,0.0004927160536200015
pressao_1atm,0.7326999999999999,0.696202329749104,0.6967034458597123,0.000501116110608324
pressao_1atm,0.7425999999999999,0.692068458781362,0.6925279144517451,0.0004594556703830799
pressao_1atm,0.7525,0.6879345878136202,0.6883005710539671,0.0003659832403469787
pressao_1atm,0.7624,0.6838007168458781,0.6840196218692253,0.00021890502334720452
pressao_1atm,0.7723,0.6796668458781362,0.6796832291299639,1.6383251827734036e-05
pressao_1atm,0.7821999999999999,0.6752688172043011,0.6752895094085523,2.0692204251160362e-05
pressao_1atm,0.7920999999999999,0.6709677419354838,0.6708365319012817,-0.00013121003420213384
pressao_1atm,0.8019999999999999,0.6657132616487456,0.6663223166836135,0.0006090550348679669
pressao_1atm,0.8119,0.6617465949820789,0.6617448329343119,-1.7620477670288182e-06
pressao_1atm,0.8218,0.6577799283154122,0.657101997126166,-0.0006779311892461948
pressao_1atm,0.8316999999999999,0.651662724014337,0.6523916711810357,0.0007289471666986902
pressao_1atm,0.8415999999999999,0.6476960573476703,0.6476116605869988,-8.439676067151236e-05
pressao_1atm,0.8514999999999999,0.6433700716845879,0.6427597124754028,-0.0006103592091851739
pressao_1atm,0.8613999999999999,0.6381609318996416,0.6378335136556438,-0.0003274182439978457
pressao_1atm,0.8713,0.6336455197132618,0.6328306886055081,-0.0008148311077537107
pressao_1atm,0.8812,0.6279569892473118,0.627748797414918,-0.00020819183239384476
pressao_1atm,0.8910999999999999,0.6235616487455198,0.6225853336809257,-0.0009763150645940577
pressao_1atm,0.901,0.618399641577061,0.6173377223517926,-0.0010619192252683263
pressao_1atm,0.9109,0.6129032258064517,0.6120033175179811,-0.0008999082884706411
pressao_1atm,0.9208,0.6073605734767025,0.6065794001478727,-0.0007811733288297651
pressao_1atm,0.9307,0.6012433691756273,0.6010631757660083,-0.00018019340961894503
pressao_1atm,0.9406,0.5954125448028674,0.5954517720716171,3.922726874971971e-05
pressao_1atm,0.9505,0.589247311827957,0.5897422364951814,0.0004949246672244501
pressao_1atm,0.9604,0.5839189964157706,0.583931533690746,1.2537274975410462e-05
pressao_1atm,0.9703,0.5778498207885305,0.57801654296165,0.00016672217311941573
pressao_1atm,0.9802,0.5724254480286738,0.5719940556173193,-0.0004313924113544809
pressao_1atm,0.9901,0.5661410394265234,0.5658607722587162,-0.00028026716780715777
pressao_1atm,1.0,0.5605734767025089,0.5596132999899939,-0.0009601767125150262
pressao_5atm,0.01,1.0099283154121863,1.016891911198789,0.006963595786602772
pressao_5atm,0.0199,0.9973594982078854,0.995818804896992,-0.0015406933108933485
pressao_5atm,0.0298,0.9847906810035842,0.9825753791627193,-0.002215301840864936
pressao_5atm,0.0397,0.9717736559139786,0.9725479103193032,0.000774254405324637
pressao_5atm,0.0496,0.9618035842293908,0.9642826095805802,0.002479025351189379
pressao_5atm,0.0595,0.953649641577061,0.9571302572147605,0.0034806156376995245
pressao_5atm,0.0693999999999999,0.948493906810036,0.9507439515795054,0.002250044769469439
pressao_5atm,0.0793,0.9432313620071684,0.9449163370225383,0.001684975015369905
pressao_5atm,0.0891999999999999,0.9380222222222224,0.9395134896181713,0.0014912673959488476
pressao_5atm,0.0990999999999999,0.9333333333333332,0.9344438409310168,0.0011105075976836076
pressao_5atm,0.1089999999999999,0.9290322580645162,0.9296419778577708,0.0006097197932546372
pressao_5atm,0.1188999999999999,0.924731182795699,0.9250595149902713,0.00032833219457228946
pressao_5atm,0.1288,0.9204301075268818,0.9206596300168782,0.00022952248999641434
pressao_5atm,0.1387,0.916426164874552,0.9164136284231199,-1.2536451432065832e-05
pressao_5atm,0.1486,0.9132189964157706,0.912298695340752,-0.0009203010750186147
pressao_5atm,0.1585,0.9096774193548388,0.9082963738835156,-0.0013810454713232279
pressao_5atm,0.1684,0.904526164874552,0.9043915052456638,-0.0001346596288881452
pressao_5atm,0.1783,0.9010752688172043,0.9005714719630568,-0.0005037968541475868
pressao_5atm,0.1881999999999999,0.8967741935483872,0.896825645861953,5.145231356584734e-05
pressao_5atm,0.1981,0.8936249103942653,0.8931449776291419,-0.0004799327651233698
pressao_5atm,0.208,0.8903225806451613,0.8895216865031019,-0.0008008941420594162
pressao_5atm,0.2178999999999999,0.8860215053763442,0.8859490221147943,-7.248326154984941e-05
pressao_5atm,0.2278,0.8828767025089607,0.8824210792186719,-0.0004556232902888091
pressao_5atm,0.2377,0.8795698924731183,0.8789326517970283,-0.0006372406760900562
pressao_5atm,0.2476,0.8752688172043012,0.875479116886158,0.00021029968185681813
pressao_5atm,0.2574999999999999,0.8731182795698925,0.8720563411243027,-0.0010619384455897718
pressao_5atm,0.2673999999999999,0.8691605734767026,0.8686606048716732,-0.0004999686050294327
pressao_5atm,0.2773,0.8666666666666667,0.8652885400644571,-0.001378126602209595
pressao_5atm,0.2872,0.8623655913978495,0.8619370789078912,-0.0004285124899583437
pressao_5atm,0.2971,0.8594111111111112,0.8586034112006974,-0.0008076999104138505
pressao_5atm,0.307,0.8559139784946237,0.855284948590042,-0.0006290299045816905
pressao_5atm,0.3168999999999999,0.8536283154121864,0.851979294434233,-0.001649020977953386
pressao_5atm,0.3268,0.849462365591398,0.8486842182353177,-0.0007781473560802832
pressao_5atm,0.3367,0.8456949820788531,0.8453976338206138,-0.0002973482582392384
pressao_5atm,0.3465999999999999,0.843010752688172,0.842117580618755,-0.0008931720694170808
pressao_5atm,0.3565,0.8393109318996416,0.8388422075048457,-0.0004687243947958386
pressao_5atm,0.3663999999999999,0.836252329749104,0.83556975879003,-0.0006825709590739804
pressao_5atm,0.3762999999999999,0.832258064516129,0.832298562010002,4.0497493872915236e-05
pressao_5atm,0.3862,0.8301075268817204,0.8290270172297423,-0.0010805096519781454
pressao_5atm,0.3960999999999999,0.8261960573476704,0.8257535876317941,-0.0004424697158763591
pressao_5atm,0.4059999999999999,0.8229426523297492,0.8224767911955467,-0.0004658611342024388
pressao_5atm,0.4159,0.8193548387096774,0.8191951933073972,-0.0001596454022801952
pressao_5atm,0.4257999999999999,0.8164465949820789,0.8159074001679607,-0.0005391948141182379
pressao_5atm,0.4357,0.8129032258064517,0.8126120528839592,-0.0002911729224924775
pressao_5atm,0.4456,0.8096329749103943,0.8093078221500231,-0.0003251527603712612
pressao_5atm,0.4554999999999999,0.8064516129032259,0.8059934034401337,-0.00045820946309216293
pressao_5atm,0.4654,0.8027304659498209,0.8026675126404446,-6.295330937633459e-05
pressao_5atm,0.4752999999999999,0.8,0.7993288820651988,-0.0006711179348012353
pressao_5atm,0.4851999999999999,0.7956989247311829,0.7959762568057824,0.00027733207459956777
pressao_5atm,0.4951,0.7929810035842294,0.7926083913699462,-0.0003726122142831967
pressao_5atm,0.5049999999999999,0.789247311827957,0.7892240465740894,-2.3265253867643665e-05
pressao_5atm,0.5148999999999999,0.7870967741935484,0.7858219866564654,-0.0012747875370829886
pressao_5atm,0.5247999999999999,0.7827956989247312,0.7824009765833624,-0.0003947223413688361
pressao_5atm,0.5347,0.7792648745519715,0.778959779523881,-0.00030509502809050737
pressao_5atm,0.5446,0.7758211469534051,0.7754971544719789,-0.0003239924814262274
pressao_5atm,0.5545,0.7720430107526882,0.7720118539970392,-3.1156755649019985e-05
pressao_5atm,0.5644,0.7686286738351255,0.768502622106465,-0.0001260517286604257
pressao_5atm,0.5742999999999999,0.7655487455197134,0.7649681922057052,-0.000580553314008192
pressao_5atm,0.5841999999999999,0.7612903225806451,0.7614072851427742,0.00011696256212911926
pressao_5atm,0.5941,0.7576154121863801,0.7578186073257526,0.0002031951393725029
pressao_5atm,0.604,0.7536487455197133,0.7542008489029882,0.0005521033832749378
pressao_5atm,0.6139,0.7505376344086021,0.7505526819967926,1.5047588190486572e-05
pressao_5atm,0.6237999999999999,0.746236559139785,0.74687275898235,0.0006361998425649107
pressao_5atm,0.6336999999999999,0.742917383512545,0.7431597108043748,0.0002423272918298247
pressao_5atm,0.6436,0.7397849462365592,0.739412145324753,-0.0003728009118062481
pressao_5atm,0.6535,0.735483870967742,0.7356286456950194,0.00014477472727736362
pressao_5atm,0.6634,0.7319992831541219,0.7318077687480697,-0.0001915144060521401
pressao_5atm,0.6732999999999999,0.7280326164874552,0.7279480434039645,-8.457308349074655e-05
pressao_5atm,0.6831999999999999,0.7240659498207888,0.7240479690851064,-1.7980735682376903e-05
pressao_5atm,0.6930999999999999,0.720099283154122,0.7201060141364303,6.730982308300604e-06
pressao_5atm,0.703,0.7161290322580646,0.7161206142465577,-8.418011506861056e-06
pressao_5atm,0.7129,0.7118279569892474,0.7120901708661544,0.0002622138769070581
pressao_5atm,0.7227999999999999,0.707863082437276,0.7080130496199644,0.00014996718268833753
pressao_5atm,0.7326999999999999,0.703225806451613,0.7038875787092107,0.0006617722575976703
pressao_5atm,0.7425999999999999,0.7002659498207887,0.6997120473012433,-0.0005539025195454572
pressao_5atm,0.7525,0.6962992831541219,0.6954847039034654,-0.000814579250656533
pressao_5atm,0.7624,0.6913275985663082,0.6912037547187235,-0.00012384384758468148
pressao_5atm,0.7723,0.6871937275985662,0.6868673619794621,-0.00032636561910415196
pressao_5atm,0.7821999999999999,0.6822487455197134,0.6824736422580504,0.0002248967383370326
pressao_5atm,0.7920999999999999,0.6778507168458782,0.6780206647507799,0.00016994790490176825
pressao_5atm,0.8019999999999999,0.6737168458781362,0.6735064495331117,-0.00021039634502451054
pressao_5atm,0.8119,0.6688172043010754,0.6689289657838102,0.0001117614827348401
pressao_5atm,0.8218,0.664373835125448,0.6642861299756642,-8.770514978384547e-05
pressao_5atm,0.8316999999999999,0.6602399641577062,0.6595758040305341,-0.0006641601271721864
pressao_5atm,0.8415999999999999,0.6559139784946236,0.6547957934364972,-0.0011181850581264419
pressao_5atm,0.8514999999999999,0.6501810035842295,0.649943845324901,-0.00023715825932846268
pressao_5atm,0.8613999999999999,0.6462143369175628,0.6450176465051419,-0.0011966904124208755
pressao_5atm,0.8713,0.6404786738351255,0.6400148214550063,-0.0004638523801191452
pressao_5atm,0.8812,0.6361304659498208,0.6349329302644161,-0.0011975356854047048
pressao_5atm,0.8910999999999999,0.6310885304659499,0.6297694665304239,-0.0013190639355260547
pressao_5atm,0.901,0.6259265232974911,0.6245218552012909,-0.0014046680962002123
pressao_5atm,0.9109,0.6199293906810036,0.6191874503674794,-0.0007419403135242586
pressao_5atm,0.9208,0.6144329749103943,0.613763532997371,-0.0006694419130233165
pressao_5atm,0.9307,0.609223835125448,0.6082473086155065,-0.000976526509941511
pressao_5atm,0.9406,0.6029394265232976,0.6026359049211154,-0.0003035216021821663
pressao_5atm,0.9505,0.5976111111111112,0.5969263693446798,-0.000684741766431407
pressao_5atm,0.9604,0.5914458781362008,0.5911156665402443,-0.00033021159595647553
pressao_5atm,0.9703,0.5853767025089607,0.5852006758111481,-0.0001760266978125813
pressao_5atm,0.9802,0.5799523297491039,0.5791781884668177,-0.0007741412822862559
pressao_5atm,0.9901,0.5742175627240145,0.5730449051082144,-0.001172657615800099
pressao_5atm,1.0,0.568100358422939,0.5667974328394921,-0.0013029255834469122
